[
  {
    "Référence": "HEIWA050S-G11",
    "Description": "Glass bottle bell HEIWA Aventurine 0.5 L",
    "Capacity": "0.5 L",
    "Bottle_Color": "Stainless steel mat",
    "Bottle_Finish": "Mat",
    "Stones_Name": "Aventurine",
    "Stones_Color": "Green",
    "Stones_Type": "Gravel",
    "Model": "Heiwa",
    "slug": "heiwa050s-g11"
  },
  {
    "Référence": "HEIWA050S-G13",
    "Description": "Glass bottle bell HEIWA Rose Quartz 0.5 L",
    "Capacity": "0.5 L",
    "Bottle_Color": "Stainless steel mat",
    "Bottle_Finish": "Mat",
    "Stones_Name": "Quartz",
    "Stones_Color": "Rose",
    "Stones_Type": "Gravel",
    "Model": "Heiwa",
    "slug": "heiwa050s-g13"
  },
  {
    "Référence": "HEIWA050S-G40",
    "Description": "Glass bottle bell HEIWA Amethyst 0.5 L",
    "Capacity": "0.5 L",
    "Bottle_Color": "Stainless steel mat",
    "Bottle_Finish": "Mat",
    "Stones_Name": "Amethyst",
    "Stones_Color": "Purple",
    "Stones_Type": "Gravel",
    "Model": "Heiwa",
    "slug": "heiwa050s-g40"
  },
  {
    "Référence": "HOGO030S-T01",
    "Description": "Glass bottle natural stones HOGO Turquoise 0.30 L",
    "Capacity": "0.3 L",
    "Bottle_Color": "Stainless steel mat",
    "Bottle_Finish": "Mat",
    "Stones_Name": "Turquoise",
    "Stones_Color": "Blue",
    "Stones_Type": "Tumbled",
    "Model": "Hogo",
    "slug": "hogo030s-t01"
  },
  {
    "Référence": "KANJO045R-T02",
    "Description": "Glass bottle KANJO clear quartz 0.45 L",
    "Capacity": "0.45 L",
    "Bottle_Color": "Rose gold",
    "Bottle_Finish": "Shiny",
    "Stones_Name": "Quartz",
    "Stones_Color": "White",
    "Stones_Type": "Tumbled",
    "Model": "Kanjo",
    "slug": "kanjo045r-t02"
  },
  {
    "Référence": "KANJO045R-T03",
    "Description": "Glass bottle KANJO rose quartz 0.45 L",
    "Capacity": "0.45 L",
    "Bottle_Color": "Rose gold",
    "Bottle_Finish": "Shiny",
    "Stones_Name": "Quartz",
    "Stones_Color": "Rose",
    "Stones_Type": "Tumbled",
    "Model": "Kanjo",
    "slug": "kanjo045r-t03"
  },
  {
    "Référence": "HOGO030S-T03",
    "Description": "Glass bottle natural stones HOGO Rose Quartz 0.30 L",
    "Capacity": "0.3 L",
    "Bottle_Color": "Stainless steel mat",
    "Bottle_Finish": "Mat",
    "Stones_Name": "Quartz",
    "Stones_Color": "Rose",
    "Stones_Type": "Tumbled",
    "Model": "Hogo",
    "slug": "hogo030s-t03"
  },
  {
    "Référence": "HOGO030R-T06",
    "Description": "Glass bottle natural stones HOGO Aventurine 0.30 L",
    "Capacity": "0.3 L",
    "Bottle_Color": "Rose gold",
    "Bottle_Finish": "Shiny",
    "Stones_Name": "Aventurine",
    "Stones_Color": "Green",
    "Stones_Type": "Tumbled",
    "Model": "Hogo",
    "slug": "hogo030r-t06"
  },
  {
    "Référence": "KANJO045S-T07",
    "Description": "Glass bottle KANJO amethyst 0.45 L",
    "Capacity": "0.45 L",
    "Bottle_Color": "Stainless steel mat",
    "Bottle_Finish": "Mat",
    "Stones_Name": "Amethyst",
    "Stones_Color": "Purple",
    "Stones_Type": "Tumbled",
    "Model": "Kanjo",
    "slug": "kanjo045s-t07"
  },
  {
    "Référence": "KANJO045S-T08",
    "Description": "Glass bottle KANJO lapis lazuli 0.45 L",
    "Capacity": "0.45 L",
    "Bottle_Color": "Stainless steel mat",
    "Bottle_Finish": "Mat",
    "Stones_Name": "Citrine",
    "Stones_Color": "Yellow",
    "Stones_Type": "Tumbled",
    "Model": "Kanjo",
    "slug": "kanjo045s-t08"
  },
  {
    "Référence": "HEIWA050S-G24",
    "Description": "Glass bottle bell HEIWA Apatite 0.5 L",
    "Capacity": "0.5 L",
    "Bottle_Color": "Stainless steel mat",
    "Bottle_Finish": "Mat",
    "Stones_Name": "Apatite",
    "Stones_Color": "Blue",
    "Stones_Type": "Gravel",
    "Model": "Heiwa",
    "slug": "heiwa050s-g24"
  }
]