{
  "logo": "/assets/images/logo.svg",
  "hero": [
    "/assets/images/hero/hero-1.jpg",
    "/assets/images/hero/hero-2.jpg",
    "/assets/images/hero/hero-3.jpg"
  ],
  "models": {
    "heiwa": "/assets/images/models/heiwa.jpg",
    "kanjo": "/assets/images/models/kanjo.jpg",
    "hogo": "/assets/images/models/hogo.jpg"
  },
  "stones": {
    "Aventurine": "/assets/images/stones/aventurine.jpg",
    "Quartz": "/assets/images/stones/quartz.jpg",
    "Amethyst": "/assets/images/stones/amethyst.jpg",
    "Turquoise": "/assets/images/stones/turquoise.jpg",
    "Citrine": "/assets/images/stones/citrine.jpg",
    "Apatite": "/assets/images/stones/apatite.jpg"
  },
  "products": {
    "HEIWA050S-G11": "/assets/images/products/heiwa050s-g11.jpg",
    "HEIWA050S-G13": "/assets/images/products/heiwa050s-g13.jpg",
    "HEIWA050S-G40": "/assets/images/products/heiwa050s-g40.jpg",
    "HOGO030S-T01": "/assets/images/products/hogo030s-t01.jpg",
    "KANJO045R-T02": "/assets/images/products/kanjo045r-t02.jpg",
    "KANJO045R-T03": "/assets/images/products/kanjo045r-t03.jpg",
    "HOGO030S-T03": "/assets/images/products/hogo030s-t03.jpg",
    "HOGO030R-T06": "/assets/images/products/hogo030r-t06.jpg",
    "KANJO045S-T07": "/assets/images/products/kanjo045s-t07.jpg",
    "KANJO045S-T08": "/assets/images/products/kanjo045s-t08.jpg",
    "HEIWA050S-G24": "/assets/images/products/heiwa050s-g24.jpg"
  }
}